8.15001,,
"g174","h137",1
"g103","h117",1
"g7","h161",1
"g169","h125",1
"g116","h169",1
"g166","h18",1
"g68","h142",1
"g65","h7",1
"g54","h123",1
"g19","h25",1
"g20","h128",1
"g22","h160",1
"g53","h63",1
"g24","h162",1
"g28","h87",1
"g46","h155",1
"g95","h153",1
"g37","h110",1
"g131","h51",0.988369
"g142","h31",0.988369
"g12","h124",0.981939
"g73","h115",0.974588
"g52","h127",0.970747
"g42","h145",0.966576
"g133","h32",0.960643
"g150","h22",0.960643
"g120","h101",0.960643
"g106","h107",0.960643
"g105","h132",0.960288
"g112","h109",0.95762
"g172","h44",0.948501
"g119","h103",0.947424
"g164","h60",0.946571
"g92","h68",0.946571
"g137","h174",0.94479
"g123","h73",0.941647
"g91","h55",0.937544
"g63","h129",0.934753
"g59","h152",0.932343
"g128","h173",0.930985
"g157","h6",0.930985
"g32","h122",0.92993
"g45","h156",0.92587
"g1","h146",0.922249
"g35","h135",0.916319
"g43","h56",0.910055
"g56","h118",0.901131
"g154","h21",0.901131
"g8","h138",0.898355
"g30","h130",0.898094
"g51","h104",0.894252
"g6","h5",0.885139
"g155","h120",0.884595
"g139","h30",0.860525
"g173","h106",0.860102
"g167","h134",0.855799
"g108","h28",0.84761
"g130","h102",0.831471
"g109","h93",0.825019
"g90","h90",0.818595
"g115","h72",0.817482
"g16","h96",0.744362
"g125","h157",0.738366
"g14","h171",0.729402
"g126","h121",0.663657
"g17","h14",0.641588
"g58","h13",0.637599
"g23","h81",0.627256
"g81","h23",0.625128
"g74","h74",0.621755
"g82","h71",0.584301
"g13","h43",0.579096
"g71","h17",0.57784
"g70","h70",0.522739
