"g1","h146"

"g6","h5"

"g7","h161"

"g8","h138"
"g167","h134"

"g12","h124"

"g13","h43"
"g126","h121"

"g14","h171"

"g16","h96"

"g17","h14"
"g74","h74"
"g82","h71"
"g23","h81"
"g81","h23"
"g90","h90"
"g71","h17"
"g70","h70"
"g58","h13"

"g19","h25"

"g20","h128"
"g28","h87"

"g22","h160"

"g24","h162"

"g30","h130"

"g32","h122"
"g45","h156"
"g42","h145"

"g35","h135"
"g155","h120"
"g164","h60"
"g112","h109"
"g92","h68"
"g51","h104"

"g37","h110"

"g43","h56"

"g46","h155"

"g52","h127"

"g53","h63"
"g68","h142"

"g54","h123"

"g56","h118"

"g59","h152"

"g63","h129"

"g65","h7"

"g73","h115"

"g91","h55"

"g95","h153"

"g103","h117"

"g105","h132"

"g106","h107"

"g108","h28"

"g109","h93"

"g115","h72"

"g116","h169"

"g119","h103"

"g120","h101"

"g123","h73"

"g125","h157"

"g128","h173"
"g157","h6"

"g130","h102"

"g131","h51"

"g133","h32"

"g137","h174"

"g139","h30"

"g142","h31"

"g150","h22"

"g154","h21"

"g166","h18"

"g169","h125"

"g172","h44"

"g173","h106"

"g174","h137"

